<?xml version="1.0" encoding="UTF-8"?>
<project name="pi_container">
  <platform vendor="xilinx" boardid="u250" name="xdma" featureRomTime="1561656294">
    <version major="201830" minor="2"/>
    <description/>
    <board name="xilinx.com:au250:1.0" vendor="xilinx.com" fpga="xcu250-figd2104-2L-e">
      <interfaces>
        <interface id="int1" name="PCIe" type="gen3x16"/>
      </interfaces>
      <memories>
        <memory name="dynamic_region_memory_subsystem_memory_ddr4_mem00" type="ddr4" size="16GB"/>
        <memory name="dynamic_region_memory_subsystem_memory_ddr4_mem01" type="ddr4" size="16GB"/>
        <memory name="dynamic_region_memory_subsystem_memory_ddr4_mem02" type="ddr4" size="16GB"/>
        <memory name="dynamic_region_memory_subsystem_memory_ddr4_mem03" type="ddr4" size="16GB"/>
      </memories>
      <images>
        <image name="au250_image.jpg" type="HDPI"/>
        <image name="" type="MDPI"/>
        <image name="" type="LDPI"/>
      </images>
      <id>
        <vendor>0x10EE</vendor>
        <device>0x5004</device>
        <subsystem>0x000E</subsystem>
      </id>
    </board>
    <build_flow/>
    <host architecture="x86_64"/>
    <device name="fpga0" fpgaDevice="virtexuplus:xcu250:figd2104:-2L:e" addrWidth="0">
      <core name="OCL_REGION_0" target="csim" type="clc_region" clockFreq="0MHz" numComputeUnits="60">
        <kernel name="krnl_Tree" language="c" vlnv="xilinx.com:hls:krnl_Tree:1.0" preferredWorkGroupSizeMultiple="0" workGroupSize="1" debug="true" interrupt="true" hwControlProtocol="ap_ctrl_chain">
          <port name="M_AXI_GMEM" mode="master" range="0xFFFFFFFF" dataWidth="64" portType="addressable" base="0x0"/>
          <port name="S_AXI_CONTROL" mode="slave" range="0x1000" dataWidth="32" portType="addressable" base="0x0"/>
          <arg name="tree" addressQualifier="1" id="0" port="M_AXI_GMEM" size="0x8" offset="0x10" hostOffset="0x0" hostSize="0x8" type="void*"/>
          <arg name="sample" addressQualifier="1" id="1" port="M_AXI_GMEM" size="0x8" offset="0x1C" hostOffset="0x0" hostSize="0x8" type="void*"/>
          <arg name="prediction" addressQualifier="1" id="2" port="M_AXI_GMEM" size="0x8" offset="0x28" hostOffset="0x0" hostSize="0x8" type="void*"/>
          <arg name="bundleSize" addressQualifier="0" id="3" port="S_AXI_CONTROL" size="0x4" offset="0x34" hostOffset="0x0" hostSize="0x4" type="unsigned int"/>
          <compileWorkGroupSize x="1" y="1" z="1"/>
          <maxWorkGroupSize x="1" y="1" z="1"/>
          <string_table/>
          <instance name="krnl_Tree_1">
            <addrRemap base="0x00000000" port="S_AXI_CONTROL"/>
          </instance>
        </kernel>
      </core>
    </device>
  </platform>
</project>
