{
 "session": {
  "name": "Emulation-SW",
  "uuid": "cd94c050-c360-4a03-8d0b-5c91c878dd09",
  "description": "Vitis IDE session Emulation-SW",
  "timestamp": "0",
  "report_file": {
   "scheme": "FILE",
   "host": "",
   "port": 0,
   "path": "/home/specs/Documents/PI/PI-HoeffdingTree_system_hw_link/Emulation-SW/guidance.html",
   "query": "",
   "fragment": "",
   "media_type": "",
   "encoding": "",
   "data": ""
  },
  "proto_file": {
   "scheme": "FILE",
   "host": "",
   "port": 0,
   "path": "/home/specs/Documents/PI/PI-HoeffdingTree_system_hw_link/Emulation-SW/guidance.pb",
   "query": "",
   "fragment": "",
   "media_type": "",
   "encoding": "",
   "data": ""
  },
  "build_target": "",
  "config_files": []
 },
 "violation_count": 0,
 "waived_count": 0,
 "affirmation_count": 0
}

