<?xml version="1.0" encoding="UTF-8"?>
<root versionMajor="1" versionMinor="5">
  <kernel name="krnl_Tree" language="c" vlnv="xilinx.com:hls:krnl_Tree:1.0" attributes="" hash="" preferredWorkGroupSizeMultiple="0" workGroupSize="1" debug="true" compileOptions=" -g -I /home/specs/Documents/PI/PI-HoeffdingTree_kernels/src -I /home/specs/Documents/PI/Hoeffding-Tree/src -I /home/specs/Documents/PI/PI-HoeffdingTree/src" profileType="" interrupt="true" hwControlProtocol="ap_ctrl_chain">
    <ports>
      <port name="M_AXI_GMEM" mode="master" range="0xFFFFFFFF" dataWidth="64" portType="addressable" base="0x0"/>
      <port name="S_AXI_CONTROL" mode="slave" range="0x1000" dataWidth="32" portType="addressable" base="0x0"/>
    </ports>
    <args>
      <arg name="tree" addressQualifier="1" id="0" port="M_AXI_GMEM" size="0x8" offset="0x10" hostOffset="0x0" hostSize="0x8" type="void*"/>
      <arg name="sample" addressQualifier="1" id="1" port="M_AXI_GMEM" size="0x8" offset="0x1C" hostOffset="0x0" hostSize="0x8" type="void*"/>
      <arg name="prediction" addressQualifier="1" id="2" port="M_AXI_GMEM" size="0x8" offset="0x28" hostOffset="0x0" hostSize="0x8" type="void*"/>
      <arg name="bundleSize" addressQualifier="0" id="3" port="S_AXI_CONTROL" size="0x4" offset="0x34" hostOffset="0x0" hostSize="0x4" type="unsigned int"/>
    </args>
    <compileWorkGroupSize x="1" y="1" z="1"/>
    <maxWorkGroupSize x="1" y="1" z="1"/>
  </kernel>
</root>
